Year,Month,Air_temp,Wind_speed,Site,Protection,Cloud_cover,Humidity,abundance,richness,Latitude,Longitude,SL_Reeds,SL_Grass,SL_Shrubs,SL_Open,AQ_Reeds,AQ_FloodGrass,AQ_Emerge,AQ_Open,SL_open_total,shore_veg_total,AQ_open_total,aquatic_veg_total,pH,DO,Temp,TDS,Sal
2002,8,62.06,6.7,KZN3_MZ_9,FP,55,79.3,388,11,-27.66441367,32.30141024,10,10,5,75,5,0,0,95,75,25,95,5,NA,NA,NA,NA,NA
2003,4,63.32,6.3,KZN7_WS_5,FP,100,81.8,2,1,-28.19269443,32.42086695,0,80,20,0,0,15,0,85,0,100,85,15,7.42,7.05,19.205,7793,9.135
2002,10,75.2,24.6,KZN4_SB_6,FP,100,80.4,1,1,-27.53528559,32.66016609,0,0,100,0,35,0,0,65,0,100,65,35,7.264555556,5.96,25.67,180.75,0.17
2002,10,88.34,0.2,KZN4_PF_11,FP,0,43.8,0,0,-26.87122998,32.21840962,90,0,0,10,20,0,0,80,10,90,80,20,6.822222222,6.4325,26.3025,94,0.09
2002,12,69.08,0.6,KZN5_MT_1,NP,10,75.1,16,5,-28.48855675,32.16557379,100,0,0,0,40,0,20,40,0,100,40,60,7.866666667,4.653333333,25.44,555,0.55
2002,10,76.1,0,KZN4_MZ_9,FP,100,69.8,6,5,-27.66441367,32.30141024,0,10,90,0,0,5,0,95,0,100,85,15,7.840555556,5.805,24.67,284.5,0.27
2002,10,83.3,14.8,KZN4_JZ_6,FP,30,63.5,205,7,-27.31827233,31.93229528,0,0.1,0,100,0,0,0,100,100,0,100,0,7.723722222,4.776666667,30.05666667,161.3333333,0.15
2002,8,70.52,16.1,KZN3_WS_2,FP,5,59.8,3,2,-28.25210125,32.41394316,0,60,30,10,15,25,15,45,10,90,45,55,NA,NA,NA,NA,NA
2002,8,54.14,4.1,KZN3_ES_2,FP,10,62.8,20,9,-28.22104697,32.48590247,0,15,0,85,0,5,0,95,85,15,95,5,5.935,26.6575,10.8225,8618.5,10.3075
2002,12,32,0,KZN5_SB_1,PP,0,0,7,2,-27.41981825,32.69767435,70,30,0,0,20,0,50,30,0,100,30,70,8.146666667,9.573333333,28.16666667,425.6666667,0.413333333
2002,10,66.56,0,KZN4_ES_1,FP,100,86.2,3,1,-28.31493066,32.43235786,0,80,20,0,5,0,15,80,0,100,80,20,5.591944444,5.563333333,20.57333333,125,0.12
2002,6,65.3,0,KZN2_MZ_5,NP,0,69.3,38,12,-27.55537952,32.32161365,30,30,40,0,0,0,25,75,0,100,75,25,6.545,40.65,17.3175,740.5,0.75
2002,10,82.04,9.8,KZN4_SB_3,PP,90,53.2,11,5,-27.38413909,32.70381326,0,0.1,0,100,0,0,0,100,100,0,100,0,8.265277778,7.093333333,23.8,341.6666667,0.33
2003,6,77,6.7,KZN8_KB_1,PP,0,52.9,7,2,-26.86437425,32.86654782,0,10,90,0,20,0,0,80,0,100,80,20,6.983333333,7.41,20.85,151.6666667,0.146666667
2002,6,75.92,4.5,KZN2_PF_4,NP,5,24.4,225,10,-27.17306248,32.2470386,5,35,0,60,10,0,85,5,60,40,5,95,6.8275,11.3225,23.3625,243.75,0.2375
2003,6,82.94,10.4,KZN8_MZ_3,NP,0,35.3,13,4,-27.64128607,32.40411278,0,30,50,20,0,0,60,40,20,80,40,60,7.925,7.585,22.805,376,0.37
2003,4,69.44,6.9,KZN7_MT_1,NP,100,75.8,49,11,-28.48855675,32.16557379,100,0,0,0,35,0,30,35,0,100,35,65,7.586666667,2.896666667,20.47,639.3333333,0.64
2002,4,72.68,3.5,KZN1_FB_5,PP,0,58.8,439,15,-27.89753929,32.43390433,0,60,0,40,0,70,0,20,40,60,20,70,7.3,7.09,18.906,3170,3.566
2002,6,79.88,11.2,KZN2_FB_3,FP,0,40.7,16,4,-27.99492963,32.3656577,0,0,0,100,0,0,100,0,100,0,0,100,7.8725,11.39,22.795,39852.5,55.7275
2002,4,75.74,10.5,KZN1_SB_7,FP,0,45.5,9,3,-27.56043306,32.65946712,0,95,5,0,0,0,0,100,0,100,100,0,8.7025,16.3975,24.035,315,0.305
2002,8,57.2,0.4,KZN3_JZ_4,FP,0,59.3,57,8,-27.34226695,31.92915861,0,0,0,100,0,0,30,70,100,0,70,30,NA,NA,NA,NA,NA
2002,6,77.18,1.4,KZN2_MZ_2,NP,0,46.9,18,5,-27.67583183,32.43928274,0,55,45,0,0,0,40,60,0,100,60,40,5.685,20.92,19.815,134.5,0.13
2003,4,66.2,0,KZN7_MT_2,NP,100,81.9,60,13,-28.44273331,32.16693912,35,10,55,0,5,10,5,80,0,100,80,20,7.586666667,2.896666667,20.47,639.3333333,0.64
2003,4,75.02,2.1,KZN7_SB_1,PP,100,59,36,7,-27.41981825,32.69767435,60,40,0,0,20,0,30,50,0,100,50,50,8.67,9.48,23.22666667,392.3333333,0.38
2002,4,80.06,12.2,KZN1_WS_4,FP,50,60.4,30,8,-28.20072589,32.41764377,0,40,0,60,0,10,0,90,60,40,90,10,7.8075,11.915,27.4775,3412.25,3.7725
2002,6,74.84,11.7,KZN2_PF_8,FP,0,27.3,538,15,-26.88630952,32.30893208,85,0,10,5,5,0,20,75,5,95,75,25,6.605,14.925,22.61,1648.5,1.7275
2002,4,86.18,8.4,KZN1_MZ_5,NP,0,44.8,15,6,-27.55537952,32.32161365,10,45,45,0,15,0,35,50,0,100,50,50,7.59,10.795,25.8225,1147,1.175
2003,4,81.14,3,KZN7_ES_4,FP,60,58.6,2,2,-28.15706749,32.46248745,0,100,0,0,10,40,0,50,0,100,50,50,6.683333333,3.113333333,24.31,2855.666667,3.17
2003,2,78.62,4.1,KZN6_MZ_3,NP,20,78.6,17,5,-27.64128607,32.40411278,0,60,40,0,0,10,75,15,0,100,10,90,7.5775,4.355,26.5425,218.75,0.21
2003,4,70.16,14.8,KZN7_MZ_7,NP,75,71.1,99,18,-27.56620567,32.30022579,0,0,5,95,30,0,65,5,95,5,5,95,7.06,10.315,18.965,948,0.97
2002,4,77.36,7.4,KZN1_WS_3,FP,15,62.1,14,2,-28.23654134,32.40875954,0,55,40,5,2,5,13,80,5,95,80,20,6.29,4.7175,24.47,26.75,0.025
2002,4,84.74,11.5,KZN1_WS_7,FP,25,50.5,35,8,-28.25654081,32.39407126,0,100,0,0,0,25,0,75,0,100,75,25,6.1275,4.23,24.37,69.75,0.065
2003,6,77,0,KZN8_PF_5,NP,0,3.3,27,5,-27.33346336,32.24853192,0,50,30,20,0,0,30,70,20,80,70,30,7.386666667,8.31,21.87,327.3333333,0.32
2002,6,70.16,3,KZN2_JZ_5,FP,55,64.8,40,3,-27.33099313,31.93372414,0,0,0,100,0,0,10,90,100,0,90,10,5.7775,13.4875,17.71,55,0.0525
2003,6,75.56,3,KZN8_ES_4,FP,35,72.6,3,3,-28.15706749,32.46248745,0,90,10,0,0,35,0,65,0,100,65,35,6.973333333,3.953333333,22.94666667,7509,8.753333333
2003,2,86.18,9.3,KZN6_PF_3,NP,85,66.3,93,10,-27.13117752,32.26967677,45,40,10,5,20,0,75,5,5,95,5,95,7.856666667,7.366666667,30.78,457.6666667,0.443333333
2003,6,68.72,31.6,KZN8_FB_4,FP,85,76.6,0,0,-27.89060645,32.40755539,0,100,0,0,0,0,0,100,0,100,100,0,8.775,7.935,19.27,13520,16.64
2002,10,72.86,5.4,KZN4_MZ_7,NP,0,78,78,12,-27.56620567,32.30022579,0,10,0,90,20,0,5,75,90,10,75,25,7.161388889,3.72,23.26333333,697.3333333,0.7
2003,2,84.38,5.5,KZN6_MZ_9,FP,10,61.9,11,4,-27.66441367,32.30141024,0,30,70,0,0,5,0,95,0,100,90,10,7.46,19.01666667,28.73333333,278.3333333,0.27
2003,2,72.5,3.4,KZN6_JZ_6,FP,100,77.6,12,7,-27.31827233,31.93229528,0,100,0,0,0,15,0,85,0,100,85,15,7.05,2.144,23.784,151.4,0.144
2003,4,89.6,0,KZN7_MZ_8,FP,0,65,20,4,-27.66854955,32.30737497,0,30,70,0,5,5,0,90,0,100,90,10,7.246666667,8.673333333,27.34,268.6666667,0.26
2002,10,77.18,7.8,KZN4_MZ_1,NP,75,67.3,38,13,-27.65207316,32.40340786,0,60,0,40,25,25,0,50,40,60,50,50,7.291666667,6.446666667,26.61333333,300.3333333,0.29
2003,6,66.92,9.1,KZN8_MZ_5,NP,0,70.3,44,3,-27.55537952,32.32161365,30,40,25,5,10,0,30,60,5,95,60,40,8.11,9.165,17.445,722,0.73
2003,4,66.02,13.2,KZN7_FB_4,FP,100,72,2,2,-27.89060645,32.40755539,0,100,0,0,0,0,0,100,0,100,100,0,7.9475,9.8775,18.0325,13107.5,16.095
2003,6,84.02,1.7,KZN8_MZ_9,FP,0,37.5,19,10,-27.66441367,32.30141024,10,20,40,30,0,0,0,100,30,70,100,0,8.136666667,7.97,22.15666667,324.3333333,0.316666667
2003,4,97.52,3.7,KZN7_MZ_2,NP,0,57.5,29,7,-27.67583183,32.43928274,10,40,40,10,0,20,75,5,10,90,5,95,6.813333333,8.036666667,32.34,255,0.24
2002,10,77.18,18.9,KZN4_WS_6,FP,50,75.3,38,11,-28.10977469,32.43368313,0,55,0,45,0,0,0,100,45,55,100,0,8.276388889,7.358947368,24.57894737,733.2631579,0.753157895
2003,6,78.98,3.7,KZN8_MZ_2,NP,0,52.7,29,6,-27.67583183,32.43928274,0,75,15,10,10,0,80,10,10,90,10,90,7.57,8.2,24.95333333,366.3333333,0.36
2002,4,86.72,1.9,KZN1_PF_5,NP,0,41.3,7,5,-27.33346336,32.24853192,80,10,5,5,0,0,20,80,5,95,80,20,7.1075,9.4775,24.715,389.5,0.3775
2002,8,69.62,10.4,KZN3_WS_7,FP,35,61.6,29,13,-28.25654081,32.39407126,10,85,5,0,0,10,25,65,0,100,65,35,NA,NA,NA,NA,NA
2002,12,78.44,0,KZN5_MZ_7,NP,100,80.4,32,12,-27.56620567,32.30022579,0,0,5,95,25,0,70,5,95,5,5,95,7.183333333,4.506666667,24.58,758,0.76
2003,4,70.88,8.4,KZN7_MZ_5,NP,90,77.4,10,5,-27.55537952,32.32161365,35,55,0,10,10,0,70,20,10,90,20,80,6.986666667,8.333333333,22.86666667,664.3333333,0.66
2002,12,72.68,8.9,KZN5_WS_3,FP,90,74.1,4,2,-28.23654134,32.40875954,0,100,0,0,5,10,5,80,0,100,80,20,7.08,4.9,23.8425,186.75,0.18
2002,8,75.38,8.2,KZN3_JZ_2,FP,0,35.9,115,16,-27.37628792,31.88934792,10,30,0,60,0,0,0,100,60,40,100,0,NA,NA,NA,NA,NA
2002,4,76.82,10.4,KZN1_JZ_4,FP,60,60.5,164,13,-27.34226695,31.92915861,0,10,0,90,0,0,30,70,90,10,70,30,7.8275,7.445,26.8075,76.5,0.0725
2002,4,89.78,0.7,KZN1_PF_7,NP,10,36.4,205,8,-27.22810476,32.20192912,20,30,0,50,20,15,60,5,50,50,5,95,6.4725,2.5375,30.3925,98,0.0925
2002,12,86.72,0.8,KZN5_PF_9,FP,100,59.7,27,8,-26.89000653,32.29803644,0,100,0,0,0,0,0,100,0,100,100,0,7.033333333,11.30333333,27.22666667,1148.333333,1.17
2002,4,76.46,2.3,KZN1_MT_3,NP,80,61,8,5,-28.44383175,32.27794343,100,0,0,0,0,0,95,5,0,100,5,95,8.112,7.404,21.98,306.6,0.298
2002,12,83.12,9.5,KZN5_SB_7,FP,80,75.7,25,9,-27.56043306,32.65946712,0,100,0,0,0,0,0,100,0,100,100,0,9.9775,28.45,31.3975,527.5,0.5175
2002,12,79.88,2.5,KZN5_PF_5,NP,90,74.3,15,7,-27.33346336,32.24853192,45,5,40,10,5,0,30,65,10,90,65,35,7,9.81,28.15,618.5,0.61
2002,6,61.52,5.6,KZN2_WS_7,FP,5,87.6,76,14,-28.25654081,32.39407126,0,100,0,0,5,55,0,40,0,100,40,60,5.96,5.655,18.3675,73.25,0.07
2003,6,74.84,8.2,KZN8_KB_2,FP,0,44.3,4,2,-26.96127919,32.82667654,0,5,90,5,20,0,0,80,5,95,80,20,8.1525,8.715,19.885,3400.75,3.745
2002,6,74.48,19.8,KZN2_FB_7,PP,5,45.6,389,4,-28.06721776,32.37155696,0,0.1,0,100,0,0.1,0,100,100,0,100,0,6.984,7.934,19.404,17854.6,23.538
2002,6,76.1,0.2,KZN2_MZ_1,NP,0,48.8,51,11,-27.65207316,32.40340786,20,60,0,20,35,15,35,15,20,80,15,85,5.89,28.725,16.5275,217,0.21
2003,2,85.1,9.5,KZN6_FB_5,PP,35,73.3,294,8,-27.89753929,32.43390433,0,95,5,0,0,20,0,80,0,100,80,20,7.59,4.6925,29.305,9671.5,12.01
2003,4,90.86,11.7,KZN7_PF_2,NP,0,43.6,91,4,-27.02575631,32.28867587,10,30,50,10,0,0,35,65,10,90,65,35,7.66,7.076666667,28.6,221.3333333,0.21
2002,10,74.66,4.3,KZN4_WS_1,FP,90,78.7,31,11,-28.24901939,32.41920993,15,65,0,20,55,0,15,30,20,80,30,70,7.305555556,5.983333333,23.36666667,4015.666667,4.456666667
2002,6,84.38,1.3,KZN2_JZ_2,FP,30,41.6,25,12,-27.37628792,31.88934792,0,40,0,60,0,0,0,100,60,40,100,0,6.7,9.025,23.53,94.5,0.085
2002,4,77.72,3.7,KZN1_FB_3,FP,40,69,5,2,-27.99492963,32.3656577,0,0,0,100,0,0,5,95,100,0,95,5,7.865,10.8225,26.375,10208.75,13.6325
2003,6,59.18,6.7,KZN8_SB_6,FP,0,81.7,4,3,-27.53528559,32.66016609,0,5,95,0,30,0,0,70,0,100,70,30,7.546666667,7.2,17.82,192.6666667,0.186666667
2003,6,82.76,12.4,KZN8_MZ_4,NP,0,34.5,48,7,-27.60460351,32.40996293,0,100,0,0,20,0,5,75,0,100,75,25,7.85,6.68,20.83666667,400,0.39
2002,12,88.88,2.3,KZN5_JZ_2,FP,70,57.8,61,3,-27.37628792,31.88934792,80,10,0,10,0,0,0,100,10,90,100,0,7.413333333,8.99,26.48333333,127,0.12
2002,10,68.54,5.2,KZN4_ES_2,FP,100,91.8,24,8,-28.22104697,32.48590247,15,85,0,0,0,0,0,100,0,100,100,0,7.272,6.93,19.77333333,5030.666667,5.693333333
2002,6,57.38,0,KZN2_MZ_7,NP,0,77.1,65,16,-27.56620567,32.30022579,65,20,5,10,20,0,70,10,10,90,10,90,6.183333333,34.02666667,13.56,688.3333333,0.696666667
2002,8,71.96,16.5,KZN3_ES_4,FP,5,47.5,6,5,-28.15706749,32.46248745,0,15,0,85,0,0,0,100,85,15,100,0,4.75,43.6575,17.18,14397.5,17.85
2002,12,75.38,0.8,KZN5_WS_4,FP,100,70.9,8,7,-28.20072589,32.41764377,0,100,0,0,0,55,0,45,0,100,45,55,8.063333333,11.67333333,25.35,6301,7.22
2003,6,71.96,14.4,KZN8_FB_3,FP,90,49.8,13,6,-27.99492963,32.3656577,0,100,0,0,0,10,0,90,0,100,90,10,8.616666667,8.313333333,19.95,12843.33333,15.72666667
2003,2,96.98,6.5,KZN6_MZ_5,NP,5,44.7,7,4,-27.55537952,32.32161365,10,30,60,0,10,0,10,80,0,100,80,20,7.255,3.765,30.5275,531.5,0.5225
2002,12,85.1,0,KZN5_FB_5,PP,60,72.5,203,16,-27.89753929,32.43390433,0,80,0,20,0,70,0,30,20,80,30,70,8.343333333,15.75666667,31.29,6885.333333,8.053333333
2002,10,82.76,7.4,KZN4_FB_1,FP,5,65.2,4,3,-27.96962659,32.3845096,0,0,0,100,0,0,0.1,100,100,0,100,0,8.220277778,5.736666667,31.41,27213.33333,35.78333333
2002,6,69.26,5.2,KZN2_KB_1,PP,0,45.6,0,0,-26.86437425,32.86654782,0,0,100,0,20,0,0,80,0,100,80,20,5.4875,10.61,18.08,72.25,0.0675
2002,4,84.2,9,KZN1_ES_4,FP,15,56,1,1,-28.15706749,32.46248745,0,85,0,15,0,20,0,80,15,85,80,20,7.9625,8.7675,29.7825,6614.75,7.6575
2003,4,74.12,11.5,KZN7_PF_6,NP,0,69.5,45,8,-27.3420538,32.25971639,70,20,10,0,25,10,60,5,0,100,5,95,7.625,4.085,20.925,295.5,0.2875
2002,10,90.5,5.8,KZN4_PF_6,NP,0,51.3,64,11,-27.3420538,32.25971639,40,50,0,10,20,30,40,10,10,90,10,90,6.958888889,3.813333333,28.21,802.3333333,0.8
2002,12,78.26,1.2,KZN5_MZ_5,NP,100,78.6,15,7,-27.55537952,32.32161365,20,70,5,5,10,0,10,80,5,95,80,20,7.7,9.353333333,25.77666667,577.6666667,0.57
2002,6,85.1,6.5,KZN2_MZ_3,NP,0,38.2,11,5,-27.64128607,32.40411278,10,40,50,0,5,5,60,30,0,100,30,70,6.8325,16.4575,24.78,200.75,0.1925
2002,4,76.1,12.5,KZN1_SB_4,PP,0,42.1,9,6,-27.38852123,32.66592924,0,60,0,40,15,0,0,85,40,60,85,15,7.848,10.764,26.438,139.2,0.132
2003,2,87.44,10.9,KZN6_MT_1,NP,30,53.8,9,6,-28.48855675,32.16557379,100,0,0,0,20,0,0,40,0,100,40,20,8.2075,1.5525,27.4475,471.25,0.4625
2002,8,90.86,14.6,KZN3_PF_6,NP,0,11.5,24,8,-27.3420538,32.25971639,40,40,10,10,5,0,90,5,10,90,5,95,NA,NA,NA,NA,NA
2002,4,78.08,6.5,KZN1_MZ_3,NP,5,62,13,4,-27.64128607,32.40411278,0,20,80,0,0,15,75,10,0,100,10,90,6.895,8.15,23.5375,297,0.285
2002,12,84.92,14.8,KZN5_FB_2,FP,15,72.6,8,6,-27.9769859,32.37197237,0,100,0,0,0,0,0,100,0,100,100,0,8.115,9.0575,32.845,10759.25,13.5125
2003,4,84.02,9.3,KZN7_ES_5,FP,30,60.7,6,4,-28.13053356,32.52848555,0,70,0,30,0,25,0,75,30,70,75,25,6.936666667,7.893333333,27.04,307.3333333,0.296666667
2003,4,81.5,15.5,KZN7_SB_7,FP,0,62.1,33,10,-27.56043306,32.65946712,0,100,0,0,0,0,0,100,0,100,100,0,9.73,20.32,23.43,495.6666667,0.49
2003,4,64.76,11.9,KZN7_WS_6,FP,100,76.6,26,8,-28.10977469,32.43368313,0,80,20,0,0,15,0,85,0,100,85,15,8.32,8.35,21.41,9135.666667,10.84
2002,10,75.02,21.2,KZN4_SB_4,PP,100,67,77,11,-27.38852123,32.66592924,0,0,0,100,20,0,0,80,100,0,80,20,8.248777778,6.393333333,24.21333333,344.6666667,0.333333333
2003,2,32,0,KZN6_FB_7,PP,0,72.4,632,6,-28.06721776,32.37155696,0,100,0,0,0,50,0,50,0,100,50,50,8.16,5.9425,27.725,10215,12.1575
2002,12,71.6,5.6,KZN5_ES_1,FP,100,85.9,11,4,-28.31493066,32.43235786,30,40,30,0,5,0,20,75,0,100,75,25,5.433333333,6.033333333,25.11333333,149.6666667,0.143333333
2002,12,82.58,0,KZN5_FB_7,PP,65,60.6,487,7,-28.06721776,32.37155696,0,80,0,20,0,20,0,80,20,80,80,20,7.95,9.34,31.925,17430,21.7375
2002,12,85.1,7.6,KZN5_PF_4,NP,75,66.4,44,9,-27.17306248,32.2470386,90,10,0,0,0,10,85,5,0,100,5,95,7.06,11.5275,27.86,215.25,0.205
2003,4,75.92,7.6,KZN7_ES_3,FP,50,63.5,2,1,-28.1949205,32.45619466,0,90,10,0,0,20,0,80,0,100,80,20,7.285,7.3775,22.9375,3169.25,3.5175
2003,6,61.16,0,KZN8_ES_1,FP,25,83.3,3,2,-28.31493066,32.43235786,0,80,20,0,0,10,10,80,0,100,80,20,5.3,8.52,18.35333333,143.6666667,0.14
2002,6,63.32,0.6,KZN2_ES_5,FP,15,83.6,35,7,-28.13053356,32.52848555,0,95,0,5,0,35,0,65,5,95,65,35,7.155,3.19,17.445,475.75,0.47
2002,12,68.36,4.2,KZN5_WS_1,FP,90,83.2,14,8,-28.24901939,32.41920993,0,100,0,0,40,0,10,50,0,100,50,50,7.556666667,10.09666667,20.53333333,320.6666667,0.313333333
2002,10,79.88,3.1,KZN4_MZ_2,NP,85,59.6,26,10,-27.67583183,32.43928274,0,50,40,10,5,0,5,90,10,90,90,10,7.034888889,6.416666667,27.43,316.3333333,0.303333333
2003,2,86.54,5.4,KZN6_WS_2,FP,65,68.9,2,2,-28.25210125,32.41394316,0,10,0,0,45,0,0,55,0,10,55,45,7.15,3.176666667,28.44333333,444,0.433333333
2003,4,82.58,8.7,KZN7_JZ_3,FP,60,54.3,1,1,-27.3527942,31.88809793,0,90,0,10,10,30,0,10,10,90,10,40,7.37,9.273333333,24.41333333,132.6666667,0.126666667
2003,4,86.18,3.2,KZN7_ES_6,FP,60,55.8,14,4,-28.35228251,32.41889183,0,10,90,0,25,0,70,5,0,100,5,95,6.203333333,2.67,25.47333333,131.3333333,0.123333333
2002,4,70.16,0,KZN1_KB_1,PP,5,79,0,0,-26.86437425,32.86654782,0,0,100,0,30,0,0,70,0,100,70,30,6.555,5.7025,23.35,33.5,0.03
2002,8,93.38,6.3,KZN3_PF_5,NP,0,11.4,13,5,-27.33346336,32.24853192,40,15,20,15,0,0,20,80,15,75,80,20,NA,NA,NA,NA,NA
2002,10,77.18,3.2,KZN4_MZ_6,NP,0,66.4,92,20,-27.53964099,32.27774042,15,10,5,70,15,0,75,10,70,30,10,90,7.87,4.026666667,24.53,883,0.89
2003,2,76.64,5.3,KZN6_ES_1,FP,10,86.8,22,5,-28.31493066,32.43235786,0,75,15,10,5,10,0,85,10,90,85,15,5.365,5.05,27.015,119,0.11
2003,6,75.56,6.3,KZN8_JZ_1,FP,0,39.1,15,7,-27.36927479,31.86757794,0,90,0,10,75,0,0,25,10,90,25,75,7.715,7.035,19.315,143,0.14
2002,10,93.38,1.7,KZN4_PF_9,FP,0,44.5,14,7,-26.89000653,32.29803644,0,95,5,0,0,0,0,100,0,100,100,0,7.474,5.56,26.29333333,963.6666667,0.98
2003,6,83.84,4.1,KZN8_PF_10,FP,0,29,27,7,-26.8946341,32.28055506,0,75,0,25,0,0,0,100,25,75,100,0,8.3975,8.775,23.3925,1222.75,1.2575
2002,10,69.8,0,KZN4_WS_7,FP,100,87.1,16,6,-28.25654081,32.39407126,20,80,0,0,0,0,50,50,0,100,50,50,6.488055556,5.14,20.64333333,214,0.203333333
2002,6,73.04,4.7,KZN2_JZ_3,FP,30,53.4,6,4,-27.3527942,31.88809793,0,30,0,80,0,0,10,100,80,30,100,10,6.595,14.79,22.0125,50.5,0.0475
2002,12,75.2,8.4,KZN5_WS_6,FP,85,65.7,12,7,-28.10977469,32.43368313,0,95,5,0,0,10,0,90,0,100,90,10,8.44,13.5025,26.405,8499,9.9675
2003,2,81.86,8.2,KZN6_SB_4,PP,90,52.2,8,5,-27.38852123,32.66592924,0,80,0,20,10,0,0,90,20,80,90,10,8.456666667,7.88,27.69666667,407.6666667,0.4
2003,2,81.86,14.1,KZN6_SB_6,FP,50,69.5,2,1,-27.53528559,32.66016609,0,0,100,0,30,0,10,60,0,100,60,40,7.6725,5.585,28.18,194,0.18
2002,6,79.7,0.8,KZN2_JZ_4,FP,70,42.3,98,7,-27.34226695,31.92915861,0,0,0,100,0,0,10,90,100,0,90,10,6.49,11.9325,20.9,75,0.07
2002,12,79.34,3.4,KZN5_PF_8,FP,100,67.6,3,3,-26.88630952,32.30893208,0,10,90,0,10,0,5,85,0,100,85,15,6.83,12.3,27.22333333,1047.333333,1.063333333
2003,6,83.12,3.9,KZN8_PF_7,NP,0,40.7,154,7,-27.22810476,32.20192912,0,70,25,5,25,0,65,10,5,95,10,90,6.896666667,8.026666667,20.89666667,255.6666667,0.246666667
2002,4,82.04,10.5,KZN1_MZ_2,NP,0,64.4,7,3,-27.67583183,32.43928274,0,95,5,0,0,20,60,20,0,100,20,80,6.478,6.26,23.676,291.6,0.282
2003,2,79.34,1.2,KZN6_ES_2,FP,20,81.3,9,3,-28.22104697,32.48590247,0,80,20,0,0,70,0,30,0,100,30,70,6.96,2.3175,28.255,1826.75,1.915
2003,4,68.72,1.7,KZN7_JZ_4,FP,100,80.5,75,20,-27.34226695,31.92915861,0,100,0,0,15,30,15,40,0,100,40,60,6.815,2.8275,21.0125,144.25,0.14
2002,8,70.16,16.6,KZN3_KB_2,FP,0,69.5,8,1,-26.96127919,32.82667654,0,0,90,10,10,0,0,90,10,90,90,10,NA,NA,NA,NA,NA
2003,6,63.32,9.5,KZN8_SB_7,FP,0,72.4,19,5,-27.56043306,32.65946712,0,100,0,0,0,0,0,100,0,100,100,0,10.1775,9.1625,16.3075,495,0.49
2002,6,73.04,0.2,KZN2_ES_6,FP,100,80.2,73,12,-28.35228251,32.41889183,0,15,85,0,38,0,60,2,0,100,2,98,5.994,4.986,19.77,21.4,0.016
2002,8,71.78,3.2,KZN3_MZ_3,NP,0,61.2,13,3,-27.64128607,32.40411278,5,80,5,10,0,0,20,80,10,90,80,20,NA,NA,NA,NA,NA
2003,6,65.66,4.5,KZN8_WS_4,FP,90,85,20,5,-28.20072589,32.41764377,10,90,0,0,0,15,0,85,0,100,85,15,7.67,6.983333333,20.91,7655,8.95
2003,4,70.16,8.9,KZN7_ES_1,FP,15,76.6,3,2,-28.31493066,32.43235786,0,90,10,0,5,0,15,80,0,100,80,20,6.006666667,7.88,21.36666667,133,0.126666667
2003,6,73.22,6.7,KZN8_ES_6,FP,15,65.1,24,4,-28.35228251,32.41889183,0,10,90,0,25,0,70,5,0,100,5,95,6.505,7.25,21.315,155.5,0.15
2002,4,67.82,5.6,KZN1_FB_7,PP,95,72.2,281,4,-28.06721776,32.37155696,0,0.1,0,100,0,0.1,0,100,100,0,100,0,7.16,9.6675,18.2125,1852.75,1.9675
2003,4,74.12,5.6,KZN7_JZ_6,FP,100,74.6,40,10,-27.31827233,31.93229528,0,100,0,0,5,65,0,30,0,100,30,70,7.31,6.466,23.166,145.6,0.14
2003,6,68.72,15.9,KZN8_WS_7,FP,100,75.6,280,11,-28.25654081,32.39407126,0,90,10,0,10,0,75,15,0,100,15,85,6.876666667,5.873333333,20.53,149,0.143333333
2002,10,93.74,6.4,KZN4_PF_5,NP,0,45.7,39,7,-27.33346336,32.24853192,30,20,40,10,0,0,30,70,10,90,70,30,7.164722222,6.363333333,31.36,513.3333333,0.5
2002,4,67.1,13.2,KZN1_SB_1,PP,0,57.7,6,2,-27.41981825,32.69767435,60,40,0,0,0,5,5,90,0,100,90,10,8.4575,14.2775,23.2975,256,0.2475
2002,12,91.58,3,KZN5_FB_4,FP,30,68.7,23,5,-27.89060645,32.40755539,0,0.1,0,100,0,0,0,100,100,0,100,0,8.366666667,16.81,33.37,19124,25.03
2003,2,88.7,11.9,KZN6_SB_7,FP,40,62.7,72,10,-27.56043306,32.65946712,0,100,0,0,0,0,0,100,0,100,100,0,8.514,6.742,27.344,457.2,0.45
2002,8,73.94,19.4,KZN3_SB_3,PP,10,34.5,37,4,-27.38413909,32.70381326,0.1,0,0,100,0,0,0,100,100,0,100,0,NA,NA,NA,NA,NA
2002,6,72.68,10.4,KZN2_MZ_8,FP,5,56.3,18,7,-27.66854955,32.30737497,30,10,20,20,5,0,0,95,20,60,95,5,7.4275,9.335,19.14,220.25,0.2125
2002,12,85.82,12.3,KZN5_FB_1,FP,20,73.3,42,3,-27.96962659,32.3845096,0,90,0,10,0,0,0,100,10,90,100,0,8.083333333,9.39,31.89666667,22046.66667,28.22333333
2002,10,85.82,1.9,KZN4_JZ_5,FP,35,58.1,723,7,-27.33099313,31.93372414,0,0.1,0,100,0,0,0,100,100,0,100,0,7.801666667,5.606666667,30.19666667,158.6666667,0.15
2003,2,81.5,8.3,KZN6_KB_1,PP,0,73.4,0,0,-26.86437425,32.86654782,0,5,95,0,20,0,0,80,0,100,80,20,7.2325,5.61,29.5,161.75,0.15
2002,12,74.3,0.8,KZN5_MT_2,NP,5,65.6,5,5,-28.44273331,32.16693912,80,10,10,0,20,0,10,70,0,100,70,30,7.866666667,4.653333333,25.44,555,0.55
2002,12,90.86,0.4,KZN5_MZ_4,NP,100,62.5,5,5,-27.60460351,32.40996293,0,50,50,0,10,0,20,70,0,100,70,30,7.823333333,8.906666667,28.59666667,472,0.46
2002,12,77.54,7.6,KZN5_PF_7,NP,80,79.2,24,3,-27.22810476,32.20192912,85,5,5,5,10,0,75,15,5,95,15,85,6.733333333,7.736666667,25.08666667,229.6666667,0.22
2002,6,57.56,0,KZN2_MT_1,NP,0,70.8,200,12,-28.48855675,32.16557379,100,0,0,0,35,0,55,10,0,100,10,90,6.7375,4.255,17.93,261,0.255
2003,6,62.6,0,KZN8_ES_2,FP,35,83.6,18,7,-28.22104697,32.48590247,0,40,60,0,0,40,0,60,0,100,60,40,7.11,6.45,20.08,6809.666667,7.893333333
2002,6,77.18,7.5,KZN2_WS_3,FP,0,61.3,25,7,-28.23654134,32.40875954,0,70,10,20,0,10,10,80,20,80,80,20,5.9175,4.2125,20.105,17,0.0125
2002,6,72.68,0.6,KZN2_PF_7,NP,0,25.5,359,6,-27.22810476,32.20192912,20,40,10,40,0,0,80,10,40,70,10,80,7.08,9.2625,14.63,185,0.18
2003,4,73.22,5.4,KZN7_SB_4,PP,100,69.4,10,6,-27.38852123,32.66592924,0,80,0,20,5,0,0,95,20,80,95,5,8.4175,10.08,24.9225,303.5,0.2925
2002,8,56.66,1.5,KZN3_SB_7,FP,0,53.6,12,6,-27.56043306,32.65946712,0,100,0,0,0,0,0,100,0,100,100,0,NA,NA,NA,NA,NA
2002,10,80.24,1.5,KZN4_KB_1,PP,90,77.8,2,1,-26.86437425,32.86654782,0,5,105,0,20,0,0,80,0,110,80,20,6.872777778,5.536666667,25.03666667,144.6666667,0.133333333
2002,10,74.66,3.7,KZN4_SB_2,PP,95,66.9,33,6,-27.39644841,32.7114589,0,60,0,40,10,0,0,90,40,60,90,10,8.355555555,6.603333333,25.23333333,352,0.34
2002,8,80.96,5.2,KZN3_JZ_3,FP,5,34.6,4,3,-27.3527942,31.88809793,0,10,0,90,0,0,20,80,90,10,80,20,NA,NA,NA,NA,NA
2003,2,88.34,8.7,KZN6_ES_4,FP,20,64.3,1,1,-28.15706749,32.46248745,100,0,0,0,20,5,0,75,0,100,75,25,6.63,0.88,27.4325,3178,3.45
2002,4,78.44,13.2,KZN1_PF_10,FP,40,65.1,43,9,-26.8946341,32.28055506,0,30,0,70,0,0,0,100,70,30,100,0,7.79,11.36666667,26.94,2386,2.566666667
2002,8,73.58,12.3,KZN3_SB_4,PP,10,35,28,10,-27.38852123,32.66592924,0.1,15,0,85,20,0,0,80,85,15,80,20,NA,NA,NA,NA,NA
2002,8,68.9,26.8,KZN3_FB_6,PP,70,47.8,12,2,-27.88336314,32.43793719,0,0.1,0,0,0,0,0.1,0,0,0,0,0,NA,NA,NA,NA,NA
2003,6,53.42,0,KZN8_PF_11,FP,0,68.5,26,4,-26.87122998,32.21840962,0,0,20,80,15,0,35,50,80,20,50,50,6.51,10.15666667,12.83666667,103.6666667,0.1
2003,4,66.92,25.8,KZN7_FB_1,FP,100,70.8,17,3,-27.96962659,32.3845096,0,100,0,0,0,0,0,100,0,100,100,0,8.32,9.793333333,18.77,13190,16.2
2003,2,91.76,8.7,KZN6_JZ_1,FP,75,52.2,4,2,-27.36927479,31.86757794,70,20,0,10,60,15,0,25,10,90,25,75,6.923333333,1.733333333,27.82,119,0.11
2002,6,80.06,1.2,KZN2_PF_2,NP,0,21.3,38,7,-27.02575631,32.28867587,10,40,30,20,0,0,100,0,20,80,0,100,6.85,14.84,20.925,94,0.0875
2002,6,69.62,0.2,KZN2_WS_5,FP,0,79.4,55,11,-28.19269443,32.42086695,0,30,0,70,0,0,0,100,70,30,100,0,6.2675,8.7625,18.2525,6008.25,6.9025
2002,6,71.24,1.5,KZN2_ES_3,FP,95,78.4,11,3,-28.1949205,32.45619466,0,5,0,95,0,0,0,100,95,5,100,0,8.61,18.515,19.59,3193.5,3.58
2002,10,75.92,11.5,KZN4_SB_1,PP,100,63.6,16,6,-27.41981825,32.69767435,80,20,0,0,5,0,10,85,0,100,85,15,8.067222222,6.546666667,23.13666667,348.3333333,0.34
2003,2,75.38,0,KZN6_MZ_4,NP,10,81,6,4,-27.60460351,32.40996293,0,0,100,0,20,10,5,65,0,100,65,35,7.635,4.175,26.47,345.5,0.335
2003,2,84.92,13.7,KZN6_FB_3,FP,90,61.1,5,3,-27.99492963,32.3656577,0,85,15,0,0,10,0,90,0,100,90,10,8.3425,5.8225,30.8875,13705,16.7025
2002,8,68.18,18.7,KZN3_SB_5,NP,0,36.2,249,26,-27.35490896,32.56076024,85,10,0,0,10,0,40,50,0,95,50,50,NA,NA,NA,NA,NA
2002,8,61.7,28.8,KZN3_FB_1,FP,15,61.3,44,7,-27.96962659,32.3845096,0,0.1,0,100,0,0,0.1,100,100,0,100,0,NA,NA,NA,NA,NA
2003,4,85.46,11.3,KZN7_PF_4,NP,0,48.6,116,8,-27.17306248,32.2470386,10,20,0,70,0,0,95,5,70,30,5,95,7.155,3.915,25.6,330,0.32
2002,6,76.28,8.7,KZN2_MT_3,NP,10,46.4,7,4,-28.44383175,32.27794343,85,0,15,0,30,0,50,20,0,100,20,80,6.7375,4.255,17.93,261,0.255
2003,2,89.24,17.4,KZN6_KB_2,FP,5,69.1,1,1,-26.96127919,32.82667654,0,0,100,0,20,0,0,80,0,100,80,20,8.44,7.45,29.08333333,2553,2.74
2003,2,90.5,4.1,KZN6_WS_3,FP,75,61.3,1,1,-28.23654134,32.40875954,0,100,0,0,10,10,0,80,0,100,80,20,6.695,3.295,28.3475,179,0.17
2002,8,69.8,11.2,KZN3_FB_5,PP,85,47.1,1,1,-27.89753929,32.43390433,0,0.1,0,0,0,0,0.1,0,0,0,0,0,NA,NA,NA,NA,NA
2002,12,86.72,7.4,KZN5_KB_4,NP,50,73,0,0,-27.02569848,32.78455756,0,80,0,20,0,0,0,100,20,80,100,0,8.523333333,10.24666667,28.34333333,299.3333333,0.286666667
2002,6,59.18,2.8,KZN2_SB_5,NP,0,62.4,95,17,-27.35490896,32.56076024,70,30,0,0,10,20,30,40,0,100,40,60,7.4025,13.2925,16.7375,141.75,0.135
2002,4,82.76,7.4,KZN1_ES_5,FP,5,59,6,5,-28.13053356,32.52848555,0,90,0,10,15,25,0,60,10,90,60,40,5.3325,5.87,30.2675,0,0
2002,6,59.72,0,KZN2_MZ_6,NP,0,72.3,131,18,-27.53964099,32.27774042,90,0,10,30,0,0,50,20,30,100,20,50,6.09,43.6325,12.145,435,0.4325
2002,10,82.58,22.3,KZN4_FB_4,FP,5,69.6,0,0,-27.89060645,32.40755539,0,0,0,100,0,0,0,0,100,0,0,0,8.390555556,4.746666667,31.43,27750,36.58333333
2003,6,69.62,0,KZN8_PF_3,NP,0,54.8,91,17,-27.13117752,32.26967677,15,10,0,75,0,0,80,0,75,25,0,80,7.06,8.88,13.925,892,0.91
2002,4,72.14,7.2,KZN1_JZ_1,FP,85,63.7,14,9,-27.36927479,31.86757794,100,0,0,0,20,0,0,80,0,100,80,20,7.845,8.4825,22.1825,138,0.1325
2003,2,86.9,18.1,KZN6_ES_6,FP,5,69.3,16,3,-28.35228251,32.41889183,0,5,95,0,15,0,80,5,0,100,5,95,6.4225,2.9825,26.355,121.25,0.11
2003,2,81.68,10.9,KZN6_SB_3,PP,100,63.3,19,4,-27.38413909,32.70381326,0,70,0,30,0,0,0,100,30,70,100,0,8.626666667,7.39,27.47666667,405,0.39
2002,8,68.72,7.6,KZN3_MZ_4,NP,5,65.4,26,11,-27.60460351,32.40996293,90,10,0,0,0,0,15,85,0,100,85,15,NA,NA,NA,NA,NA
2002,6,53.42,0,KZN2_PF_11,FP,0,76.1,168,10,-26.87122998,32.21840962,40,0,0,60,0,0,45,55,60,40,55,45,7.215,6.88,11.12,40.5,0.035
2003,4,89.78,0,KZN7_PF_10,FP,0,41.2,7,5,-26.8946341,32.28055506,0,70,0,30,0,0,0,100,30,70,100,0,7.886666667,9.486666667,29.06,1285.333333,1.32
2002,12,81.32,0,KZN5_FB_6,PP,50,76.1,185,14,-27.88336314,32.43793719,0,30,0,70,0,50,0,50,70,30,50,50,8.0725,9.8225,29.5125,6875.75,8.005
2002,8,67.46,0,KZN3_PF_8,FP,0,46.2,688,25,-26.88630952,32.30893208,20,0,0,80,0,0,0,100,80,20,100,0,NA,NA,NA,NA,NA
2002,8,81.68,1.8,KZN3_MZ_7,NP,0,38.2,27,12,-27.56620567,32.30022579,60,10,0,30,25,0,45,30,30,70,30,70,NA,NA,NA,NA,NA
2003,2,88.16,2.3,KZN6_PF_10,FP,30,64.4,22,8,-26.8946341,32.28055506,0,80,20,0,0,10,0,90,0,100,90,10,8.25,6.1375,31.0075,557.5,0.55
2002,6,69.26,9.4,KZN2_PF_5,NP,5,36.4,32,10,-27.33346336,32.24853192,0,70,10,20,5,0,15,80,20,80,80,20,6.455,11.75,18.5775,388.25,0.38
2003,6,77.18,4.3,KZN8_MT_1,NP,0,52.2,95,10,-28.48855675,32.16557379,100,0,0,0,50,0,25,25,0,100,25,75,8.79,7.453333333,19.77666667,562,0.563333333
2002,4,84.56,10.1,KZN1_WS_5,FP,30,48.1,7,4,-28.19269443,32.42086695,0,55,0,45,0,5,0,95,45,55,95,5,7.995,12.8375,28.61,2148,2.29
2002,8,80.6,4.5,KZN3_MZ_5,NP,5,49.2,50,10,-27.55537952,32.32161365,85,15,0,0,10,0,25,65,0,100,65,35,NA,NA,NA,NA,NA
2003,6,71.42,1.7,KZN8_MT_2,NP,0,63,37,9,-28.44273331,32.16693912,0,5,85,10,20,0,15,65,10,90,65,35,8.79,7.453333333,19.77666667,562,0.563333333
2003,6,66.74,0,KZN8_ES_5,FP,90,82,37,11,-28.13053356,32.52848555,0,0,0,100,0,25,0,75,100,0,75,25,6.34,8.58,20.71333333,305,0.3
2002,6,66.38,0.4,KZN2_ES_4,FP,95,83.3,32,7,-28.15706749,32.46248745,0,20,0,80,0,0,0,100,80,20,100,0,7.3325,13.3075,19.095,1329.25,1.3925
2002,12,87.26,12.4,KZN5_PF_1,NP,90,61.5,27,5,-26.97561082,32.30462227,60,10,30,0,10,0,40,50,0,100,50,50,7.456666667,9.7,28.92333333,226.3333333,0.216666667
2003,6,81.86,3.9,KZN8_PF_9,FP,0,37.4,7,3,-26.89000653,32.29803644,0,100,0,0,0,0,15,85,0,100,85,15,8.106666667,9.283333333,19.11666667,958.3333333,0.98
2002,12,84.92,14.1,KZN5_FB_3,FP,10,73.6,4,3,-27.99492963,32.3656577,0,100,0,0,0,0,0,100,0,100,100,0,7.9525,8.195,35.3525,19937.5,25.1125
2002,4,76.1,0.5,KZN1_PF_9,FP,50,70.4,11,7,-26.89000653,32.29803644,0,100,0,0,0,0,0,100,0,100,100,0,7.282,10.192,23.126,1611,1.686
2002,10,71.06,4.1,KZN4_ES_4,FP,100,78.8,4,4,-28.15706749,32.46248745,0,100,0,0,0,25,0,75,0,100,75,25,7.120833333,6.903333333,23.65333333,1110,1.14
2002,10,77.54,0,KZN4_MZ_8,FP,90,68.8,26,5,-27.66854955,32.30737497,0,30,30,40,5,0,0,95,40,60,90,10,7.659722222,5.883333333,25.07666667,289,0.28
2002,6,70.16,7.6,KZN2_SB_4,PP,0,48.1,27,6,-27.38852123,32.66592924,10,50,0,40,0,0,0,100,40,60,100,0,7.105,14.5825,20.94,162,0.155
2002,12,72.86,5.2,KZN5_WS_2,FP,95,78.5,3,1,-28.25210125,32.41394316,0,100,0,0,25,10,10,55,0,100,55,45,7.103333333,7.133333333,22.02333333,1872,1.99
2003,6,72.86,19.4,KZN8_WS_1,FP,95,74,7,2,-28.24901939,32.41920993,0,100,0,0,40,10,10,40,0,100,40,60,7.3225,6.87,21.5725,5104.75,5.775
2002,6,83.12,2.4,KZN2_SB_7,FP,30,35.3,13,3,-27.56043306,32.65946712,0,90,10,0,0,0,0,100,0,100,100,0,8.685,13.8025,19.5575,480.75,0.475
2003,4,70.7,2.3,KZN7_SB_2,PP,100,73.9,101,7,-27.39644841,32.7114589,0,60,0,40,10,0,0,90,40,60,90,10,8.765,8.885,23.02,392,0.38
2002,4,71.42,15.9,KZN1_SB_2,PP,0,55.6,5,3,-27.39644841,32.7114589,30,10,0,60,0,0,0,100,60,40,100,0,8.32,11.78,22.2025,229.5,0.2225
2002,6,79.34,12.3,KZN2_SB_1,PP,0,39.4,39,17,-27.41981825,32.69767435,30,70,0,0,10,0,15,75,0,100,75,25,6.94,12.56,20.6325,242.75,0.235
2002,10,71.42,2.8,KZN4_SB_5,NP,100,80.4,138,14,-27.35490896,32.56076024,90,10,0,0,20,0,50,30,0,100,30,70,7.7055,3.485,24.205,353,0.345
2002,12,93.38,4.5,KZN5_JZ_3,FP,40,52.8,0,0,-27.3527942,31.88809793,25,75,0,0,0,0,0,100,0,100,100,0,7.22,8.485,31.0125,160.75,0.15
2003,2,91.94,0,KZN6_MT_2,NP,5,54.4,13,8,-28.44273331,32.16693912,60,5,25,10,0,0,60,40,10,90,40,60,8.2075,1.5525,27.4475,471.25,0.4625
2002,6,62.78,9.5,KZN2_WS_4,FP,0,85.4,37,9,-28.20072589,32.41764377,0,10,0,90,0,0,0,100,90,10,100,0,5.735,8.6325,16.1675,6371.5,7.3625
2002,8,59.54,4.5,KZN3_WS_5,FP,5,70.9,11,7,-28.19269443,32.42086695,0.1,0,0,100,0,0,0,100,100,0,100,0,NA,NA,NA,NA,NA
2003,4,63.14,17.2,KZN7_WS_3,FP,100,85.1,0,0,-28.23654134,32.40875954,0,80,20,0,10,20,5,65,0,100,65,35,7.265,5.605,19.115,279,0.27
2003,4,66.74,3.2,KZN7_PF_7,NP,0,79.8,28,7,-27.22810476,32.20192912,0,60,40,0,30,0,60,10,0,100,10,90,6.9,4.7675,20.5025,232.5,0.22
2002,10,75.56,1.2,KZN4_JZ_2,FP,100,72.5,7,4,-27.37628792,31.88934792,0,60,0,40,0,0,0,100,40,60,100,0,7.779722222,5.64,23.79,274,0.26
2002,4,73.22,15.6,KZN1_MZ_1,NP,0,78.4,103,11,-27.65207316,32.40340786,40,60,0,0,10,5,40,45,0,100,45,55,6.635,6.0625,22.78,269,0.26
2003,2,80.96,12.6,KZN6_PF_2,NP,95,80.3,22,4,-27.02575631,32.28867587,0,50,50,0,0,0,20,80,0,100,80,20,7.88,5.563333333,28.71333333,210.3333333,0.2
2003,4,63.32,8.7,KZN7_FB_5,PP,100,72.9,213,8,-27.89753929,32.43390433,0,40,60,0,0,35,10,55,0,100,55,45,7.456666667,9.406666667,16.53,10068.33333,12.16
2003,6,80.6,0,KZN8_PF_6,NP,0,33.8,11,4,-27.3420538,32.25971639,0,80,10,10,15,10,70,5,10,90,5,95,7.11,8.18,22.12,260,0.25
2002,8,76.64,16.5,KZN3_MZ_1,NP,0,58.8,54,16,-27.65207316,32.40340786,30,60,0,10,20,0,10,70,10,90,70,30,NA,NA,NA,NA,NA
2003,2,80.24,7.2,KZN6_SB_1,PP,100,63.6,8,3,-27.41981825,32.69767435,10,90,0,0,10,0,20,70,0,100,70,30,8.37,6.153333333,27.57,415.6666667,0.406666667
2003,2,75.92,0.8,KZN6_MZ_2,NP,90,66.9,17,3,-27.67583183,32.43928274,0,60,40,0,0,15,85,0,0,100,0,100,7.2525,0.92,24.375,217.75,0.2075
2002,8,81.32,7.4,KZN3_MT_1,NP,0,45,92,10,-28.48855675,32.16557379,100,0,0,0,40,0,45,15,0,100,15,85,NA,NA,NA,NA,NA
2002,8,62.24,0,KZN3_MZ_8,FP,45,81.4,84,16,-27.66854955,32.30737497,10,30,5,55,20,0,0,80,55,45,80,20,NA,NA,NA,NA,NA
2002,6,72.86,12.5,KZN2_FB_2,FP,0,50.1,24,4,-27.9769859,32.37197237,0,0.1,0,100,0,0.1,0,100,100,0,100,0,7.48,11.885,21.7675,39775,55.625
2002,8,59.54,35.2,KZN3_FB_2,FP,30,62.8,54,3,-27.9769859,32.37197237,0,0.1,0,100,0,0,0.1,100,100,0,100,0,NA,NA,NA,NA,NA
2002,12,84.74,0,KZN5_MZ_8,FP,75,70.6,36,6,-27.66854955,32.30737497,0,30,70,0,5,0,0,95,0,100,90,10,7.466666667,8.98,27.43666667,328,0.32
2003,4,64.76,20.2,KZN7_WS_1,FP,100,84.1,23,5,-28.24901939,32.41920993,0,100,0,0,45,0,0,55,0,100,55,45,7.283333333,8.413333333,20.50333333,3101.333333,3.39
2002,8,77.36,4.3,KZN3_MT_2,NP,0,53.1,15,6,-28.44273331,32.16693912,90,0,10,0,15,0,5,80,0,100,80,20,NA,NA,NA,NA,NA
2002,6,60.08,0,KZN2_JZ_6,FP,20,74.8,77,10,-27.31827233,31.93229528,0,0,0,100,0,0,30,70,100,0,70,30,5.9025,12.94,16.9625,20.75,0.0175
2002,12,85.64,17.4,KZN5_JZ_5,FP,100,65.2,228,7,-27.33099313,31.93372414,0,100,0,0,0,10,0,90,0,100,90,10,7.67,5.9575,30.6875,181.25,0.17
2003,6,75.02,0,KZN8_PF_4,NP,0,46.9,291,13,-27.17306248,32.2470386,0,50,0,50,0,0,95,5,50,50,5,95,7.083333333,7.056666667,20.84,374,0.37
2002,10,82.58,1.7,KZN4_PF_2,NP,50,67.8,201,17,-27.02575631,32.28867587,0,90,10,0,0,0,30,70,0,100,70,30,7.780555556,5.81,25.47,163,0.15
2003,2,87.26,8.7,KZN6_WS_6,FP,50,67.3,11,6,-28.10977469,32.43368313,0,80,20,0,0,10,0,90,0,100,90,10,8.27,6.6775,30.9075,7267.5,8.3625
2002,8,73.04,7.4,KZN3_ES_1,FP,15,63.7,38,9,-28.31493066,32.43235786,10,80,10,0,0,20,0,80,0,100,80,20,4.336666667,3.443333333,19.33666667,162.3333333,0.156666667
2003,6,68.54,32.2,KZN8_FB_2,FP,95,62.4,2,1,-27.9769859,32.37197237,0,100,0,0,0,0,0,100,0,100,100,0,8.4025,8.1375,19.2575,12865,15.7675
2003,6,56.3,0,KZN8_MZ_7,NP,0,71.1,56,13,-27.56620567,32.30022579,0,0,0,100,25,0,45,30,100,0,30,70,7.253333333,7.333333333,16.32333333,1095.666667,1.133333333
2003,4,89.78,0,KZN7_PF_9,FP,0,41.2,50,7,-26.89000653,32.29803644,0,85,0,15,0,0,0,100,15,85,100,0,7.42,9.203333333,25.53666667,775.3333333,0.776666667
2002,10,76.1,36.5,KZN4_JZ_4,FP,100,75.6,311,7,-27.34226695,31.92915861,0,0.1,0,100,0,0,0,100,100,0,100,0,7.495277778,5.983333333,26.32666667,153.3333333,0.143333333
2003,6,68.36,28.8,KZN8_FB_1,FP,100,71.9,5,1,-27.96962659,32.3845096,0,100,0,0,0,0,0,100,0,100,100,0,8.9375,8.12,19.2025,12552.5,15.345
2002,10,93.38,3.2,KZN4_PF_10,FP,0,37.7,24,8,-26.8946341,32.28055506,0,90,0,10,0,0,0,100,10,90,100,0,7.629166667,6.01,29.63666667,999,1.006666667
2002,10,68.18,3.9,KZN4_ES_3,FP,100,79.9,341,7,-28.1949205,32.45619466,0,90,0,10,0,0,95,5,10,90,5,95,7.288055556,10.63,22.75333333,5597,6.37
2002,12,74.3,9.1,KZN5_ES_6,FP,100,80,14,3,-28.35228251,32.41889183,0,10,90,0,15,0,80,5,0,100,5,95,6.19,4.378,24.206,132.2,0.122
2002,8,85.1,6.5,KZN3_PF_1,NP,0,18.4,112,13,-26.97561082,32.30462227,10,60,15,15,0,25,65,10,15,85,10,90,NA,NA,NA,NA,NA
2003,6,82.04,2.3,KZN8_PF_8,FP,0,30.3,167,12,-26.88630952,32.30893208,0,20,50,30,10,0,10,80,30,70,80,20,7.586666667,9.13,20.76,784,0.79
2003,6,57.92,8,KZN8_SB_5,NP,60,65.2,152,18,-27.35490896,32.56076024,30,70,0,0,10,0,50,40,0,100,40,60,7.8425,4.225,15.6275,355.5,0.35
2003,2,80.78,33.8,KZN6_FB_2,FP,95,71.2,3,2,-27.9769859,32.37197237,0,90,10,0,0,5,0,95,0,100,95,5,8.236666667,6.136666667,29.35,13646.66667,16.65666667
2002,10,78.26,6.5,KZN4_FB_6,PP,90,71.7,106,15,-27.88336314,32.43793719,0,20,0,80,0,40,0,60,80,20,60,40,7.81,6.783333333,24.54333333,4231.666667,4.706666667
2002,4,84.2,5.8,KZN1_PF_4,NP,0,49.5,64,7,-27.17306248,32.2470386,0,60,0,40,0,45,50,5,40,60,5,95,7.0325,11.8325,27.2075,266.25,0.255
2003,4,88.34,0,KZN7_MZ_9,FP,0,58.2,23,6,-27.66441367,32.30141024,0,25,75,0,5,5,0,90,0,100,90,10,7.69,9.253333333,26.67333333,274,0.26
2002,6,76.46,25.4,KZN2_MZ_9,FP,25,53.4,108,9,-27.66441367,32.30141024,0,15,5,80,5,0,0,95,80,20,95,5,7.135,10.6125,19.8575,98.75,0.0925
2002,12,69.62,21,KZN5_ES_2,FP,100,91.4,5,2,-28.22104697,32.48590247,0,100,0,0,0,50,0,50,0,100,50,50,7.156,6.522,24.534,6140.6,7.026
2002,4,67.46,0,KZN1_PF_1,NP,0,83.4,64,6,-26.97561082,32.30462227,30,30,30,10,10,35,55,0,10,90,0,100,6.665,7.565,17.13,214.25,0.205
2002,12,80.42,0,KZN5_SB_2,PP,90,75.1,4,3,-27.39644841,32.7114589,0,55,0,45,0,0,0,100,45,55,100,0,8.563333333,11.21333333,26.78333333,423.6666667,0.41
2003,6,67.64,14.6,KZN8_SB_1,PP,75,55.3,19,10,-27.41981825,32.69767435,10,90,0,0,15,0,10,75,0,100,75,25,7.5975,8.37,18.84,380,0.3725
2002,10,90.68,16.4,KZN4_MZ_4,NP,0,48.1,16,4,-27.60460351,32.40996293,0,90,10,0,5,0,25,70,0,100,70,30,7.649111111,7.266666667,29.88333333,290.6666667,0.28
2002,8,76.46,0,KZN3_PF_9,FP,0,37.2,9,5,-26.89000653,32.29803644,0,80,0,20,0,0,0,100,20,80,100,0,NA,NA,NA,NA,NA
2002,4,71.42,0.5,KZN1_WS_2,FP,15,82.3,24,5,-28.25210125,32.41394316,10,60,5,25,20,40,20,20,25,75,20,80,6.725,8.155,22.285,3638,4.015
2002,8,78.08,13.9,KZN3_MZ_2,NP,0,57.7,188,10,-27.67583183,32.43928274,0,60,0,40,0,0,5,95,40,60,95,5,NA,NA,NA,NA,NA
2002,8,72.86,15.6,KZN3_SB_1,PP,0,36.1,38,12,-27.41981825,32.69767435,80,20,0,0,10,0,50,40,0,100,40,60,NA,NA,NA,NA,NA
2003,6,73.22,17.6,KZN8_KB_4,NP,0,52.4,26,7,-27.02569848,32.78455756,0,20,0,80,0,0,0,100,80,20,100,0,8.3225,9.1375,19.335,295.75,0.2875
2002,8,75.74,3.7,KZN3_JZ_1,FP,0,38.8,22,9,-27.36927479,31.86757794,50,0,0,50,0,0,0,100,50,50,100,0,NA,NA,NA,NA,NA
2003,6,61.16,0,KZN8_FB_7,PP,0,78.5,450,10,-28.06721776,32.37155696,0,70,0,30,0,100,0,0,30,70,0,100,8.163333333,6.106666667,15.44333333,20996.66667,27.02666667
2002,12,88.34,0,KZN5_SB_4,PP,95,60.2,15,7,-27.38852123,32.66592924,0,70,0,30,0,0,0,100,30,70,100,0,8.593333333,12.25,28.92333333,410.3333333,0.4
2002,12,81.86,3.4,KZN5_MT_3,NP,20,58.3,0,0,-28.44383175,32.27794343,20,0,80,0,20,0,50,30,0,100,30,70,7.866666667,4.653333333,25.44,555,0.55
2002,10,84.74,3.2,KZN4_PF_3,NP,0,55.9,80,11,-27.13117752,32.26967677,10,0,0,90,10,0,70,20,90,10,20,80,6.916111111,5.13,31.77,1029.333333,1.036666667
2003,6,73.76,19.6,KZN8_KB_3,NP,0,55.6,11,5,-27.04059874,32.78498244,0,80,0,20,0,0,0,100,20,80,100,0,7.9525,8.9725,19.44,305.75,0.3
2002,10,85.1,2.3,KZN4_FB_3,FP,10,60.1,9,4,-27.99492963,32.3656577,0,0,0,100,0,0,0.1,100,100,0,100,0,8.144722222,4.746666667,31.43,27750,36.58333333
2003,2,86.36,2,KZN6_PF_9,FP,75,64.1,2,2,-26.89000653,32.29803644,0,75,25,0,0,15,0,85,0,100,85,15,7.55,4.115,29.39,530.25,0.52
2002,4,75.74,1.9,KZN1_FB_6,PP,0,48.6,207,9,-27.88336314,32.43793719,0,60,0,40,0,55,0,45,40,60,45,55,7.7775,11.76,24.3025,1675.75,1.7575
2003,2,80.42,3.4,KZN6_MZ_8,FP,5,72.4,149,7,-27.66854955,32.30737497,0,25,75,0,0,5,0,95,0,100,95,5,7.406666667,9.836666667,26.97333333,259.6666667,0.25
2002,8,58.28,2.1,KZN3_PF_10,FP,0,58.5,100,17,-26.8946341,32.28055506,0,80,0,80,0,0,0,100,80,80,100,0,NA,NA,NA,NA,NA
2002,4,80.6,5,KZN1_ES_3,FP,40,68,101,7,-28.1949205,32.45619466,0,30,0,70,0,0,20,80,70,30,80,20,7.8675,9.055,27.02,4216.75,4.7375
2002,4,76.64,10.2,KZN1_JZ_5,FP,60,62.8,82,12,-27.33099313,31.93372414,0,5,0,95,0,0,30,70,95,5,70,30,8.0475,8.485,26.7925,64.75,0.06
2002,4,80.24,5.2,KZN1_SB_5,NP,0,38.1,24,8,-27.35490896,32.56076024,50,50,0,0,10,20,30,40,0,100,40,60,7.184,9.276,24.14,219,0.21
2003,4,65.12,1.7,KZN7_FB_7,PP,100,78.1,521,19,-28.06721776,32.37155696,0,70,30,0,0,100,0,0,0,100,0,100,6.996666667,6.57,19.72666667,14976.66667,18.61666667
2002,6,64.22,0,KZN2_MT_2,NP,10,68.8,49,12,-28.44273331,32.16693912,75,20,5,0,20,0,10,70,0,100,70,30,6.7375,4.255,17.93,261,0.255
2002,12,85.82,1.2,KZN5_MZ_9,FP,90,64.7,14,4,-27.66441367,32.30141024,0,20,80,0,5,0,0,95,0,100,95,5,7.87,11.43,27.55666667,312,0.3
2002,6,81.5,5.6,KZN2_JZ_1,FP,15,42.7,215,13,-27.36927479,31.86757794,80,0,0,20,0,0,0,100,20,80,100,0,7.0175,16.87,21.865,266,0.2575
2003,4,69.62,14.4,KZN7_MZ_6,NP,90,76.6,158,25,-27.53964099,32.27774042,10,20,0,70,10,0,30,60,70,30,60,40,7.62,9.756,20.54,596.4,0.602
2003,4,84.38,2.3,KZN7_JZ_2,FP,75,57.8,4,2,-27.37628792,31.88934792,0,70,10,20,45,10,0,45,20,80,45,55,7.883333333,9.63,25.22333333,120.3333333,0.11
2002,12,67.46,3.7,KZN5_WS_7,FP,60,86.2,29,12,-28.25654081,32.39407126,0,100,0,0,10,5,25,60,0,100,60,40,6.46,3.09,23.44666667,192.3333333,0.18
2002,12,85.1,7.2,KZN5_SB_6,FP,5,75.3,0,0,-27.53528559,32.66016609,0,0,100,0,20,0,0,80,0,100,80,20,7.265,8.82,32.7025,221.25,0.21
2002,8,75.02,21.6,KZN3_KB_3,NP,0,20.3,19,7,-27.04059874,32.78498244,10,80,0,10,10,0,0,90,10,90,90,10,NA,NA,NA,NA,NA
2003,2,82.22,13.5,KZN6_JZ_4,FP,100,60.5,73,11,-27.34226695,31.92915861,0,100,0,0,0,35,0,65,0,100,65,35,7.48,3.03,26.7525,153.25,0.145
2002,8,61.52,4.1,KZN3_PF_4,NP,5,58,363,23,-27.17306248,32.2470386,0,20,0,80,10,15,65,10,80,20,10,90,NA,NA,NA,NA,NA
2002,8,67.46,5.4,KZN3_ES_6,FP,75,65.8,24,9,-28.35228251,32.41889183,0,20,80,0,40,0,55,5,0,100,5,95,3.996666667,9.916666667,18.14666667,167.6666667,0.163333333
2002,6,60.98,20.2,KZN2_FB_4,FP,0,76.5,96,8,-27.89060645,32.40755539,0,0.1,0,100,0,0,0,100,100,0,100,0,6.43,11.6,15.584,1779.4,1.888
2002,10,74.84,3.2,KZN4_KB_4,NP,100,81.8,17,8,-27.02569848,32.78455756,0,80,0,20,0,0,0,100,20,80,100,0,8.374444444,7.146666667,24.38,259.3333333,0.25
2002,12,92.48,5.2,KZN5_JZ_1,FP,40,52.9,16,3,-27.36927479,31.86757794,100,0,0,0,0,0,0,100,0,100,100,0,7.584,9.988,26.69,125,0.12
2003,6,61.34,1.9,KZN8_JZ_6,FP,0,64,104,18,-27.31827233,31.93229528,0,80,0,20,10,60,0,30,20,80,30,70,8.256666667,8.813333333,16.94333333,143.6666667,0.136666667
2002,4,79.7,4.5,KZN1_MZ_8,FP,45,47.3,11,5,-27.66854955,32.30737497,0,30,60,10,10,0,0,90,10,90,85,15,7.6125,9.1275,25.1725,231.5,0.2225
2003,2,89.06,12.8,KZN6_KB_3,NP,20,58.2,8,4,-27.04059874,32.78498244,0,100,0,0,0,0,0,100,0,100,100,0,8.835,8.535,29.375,287.25,0.2775
2003,2,83.48,9.5,KZN6_WS_4,FP,70,71.2,8,3,-28.20072589,32.41764377,0,100,0,0,0,20,0,80,0,100,80,20,7.353333333,4.443333333,28.51666667,3171,3.436666667
2002,4,84.02,4.3,KZN1_SB_6,FP,0,40.9,0,0,-27.53528559,32.66016609,0,0,100,0,40,0,5,55,0,100,55,45,6.982,7.634,26.75,55.2,0.05
2003,2,82.76,11.3,KZN6_JZ_3,FP,90,61,12,6,-27.3527942,31.88809793,0,100,0,0,0,10,0,90,0,100,90,10,8.063333333,6.57,28.68333333,106,0.1
